{"cameraMode":{"drawMode":0,"name":"Shaded","section":"Shading Mode"},"sceneLighting":true,"audioPlay":false,"sceneViewState":{"showFog":true,"showMaterialUpdate":true,"showSkybox":true,"showFlares":true,"showImageEffects":true,"showParticleSystems":true},"in2DMode":false,"pivot":{"x":184.4800262451172,"y":68.34449005126953,"z":85.8418960571289},"rotation":{"x":-0.0025789483916014435,"y":0.9806118607521057,"z":0.012935242615640164,"w":0.1955159306526184},"size":642.4481811523438,"orthographic":false}